{
    "models_used": [
        "catboost",
        "lightgbm",
        "xgboost"
    ],
    "model_weights": {
        "catboost": 0.3333333333333333,
        "lightgbm": 0.3333333333333333,
        "xgboost": 0.3333333333333333
    },
    "test_samples": 957,
    "metrics": {
        "accuracy": 0.7659352142110762,
        "precision": 0.787863455482462,
        "recall": 0.7659352142110762,
        "f1_macro": 0.7442470592692955,
        "f1_weighted": 0.772861964051229
    },
    "individual_models": [
        {
            "model": "catboost",
            "accuracy": 0.7784743991640544
        },
        {
            "model": "lightgbm",
            "accuracy": 0.7753396029258098
        },
        {
            "model": "xgboost",
            "accuracy": 0.7502612330198537
        }
    ]
}